EMPLOYEE ID,EMPLOYEE NAME,Position,Cut-off Period,Total Worked Hours,Tardiness,Tardiness Deduction Amount,Days Late,Hourly Rate,Regular Pay,Overtime Pay,Rice Subsidy,Phone Allowance,Clothing Allowance,Total Allowances,GROSS PAY,SSS Deduction,PhilHealth Deduction,Pag-IBIG Deduction,Withholding Tax,TOTAL DEDUCTIONS,NET PAY
10002,Lim Antonio,Chief Operating Officer,2024-06-15 to 2024-06-30,78.73333333333333,11.85,-4232.1089999999995,9,357.14,28118.822666666667,6257.390416666665,1500,2000,1000,4500.0,38876.213083333336,1125.0,583.14319625,100.0,3433.767471770834,5241.910668020834,33634.3024153125
10008,Romualdez Alice,HR Rank and File,2024-06-15 to 2024-06-30,78.81666666666666,15.633333333333333,-2093.7723333333333,10,133.93,10555.916166666666,1141.195208333333,1500,500,500,2500.0,14197.111374999999,630.0,212.95667062499996,100.0,0.0,942.956670625,13254.154704374998
10009,Atienza Rosie,HR Rank and File,2024-07-01 to 2024-07-15,84.48333333333333,15.183333333333334,-2033.5038333333334,11,133.93,11314.852833333334,1314.1881250000001,1500,500,500,2500.0,15129.040958333335,675.0,226.93561437500003,100.0,0.0,1001.935614375,14127.105343958336
10014,Martinez Leila,Payroll Rank and File,2024-07-01 to 2024-07-15,85.44999999999999,17.816666666666666,-2545.289,11,142.86,12207.386999999999,2437.5487500000004,1500,500,500,2500.0,17144.935749999997,765.0,257.17403625,100.0,0.0,1122.17403625,16022.761713749996
10019,Rosario Cydney,Account Rank and File,2024-07-01 to 2024-07-15,88.0,13.399999999999999,-1794.6619999999998,10,133.93,11785.84,2156.8310416666664,1500,500,500,2500.0,16442.67104166667,742.5,246.640065625,100.0,0.0,1089.140065625,15353.530976041668
10021,Lazaro Darlene,Account Rank and File,2024-07-15 to 2024-07-31,102.73333333333333,15.416666666666664,-2133.5124999999994,12,138.39,14217.266,2707.254375,1500,500,500,2500.0,19424.520375,877.5,291.367805625,100.0,0.0,1268.867805625,18155.652569375
10024,Del Rosario Tomas,Account Rank and File,2024-06-16 to 2024-06-30,79.78333333333333,5.766666666666667,-772.3296666666668,9,133.93,10685.381833333333,2223.796041666667,1500,500,500,2500.0,15409.177875,0.0,0.0,0.0,0.0,0.0,15409.177875
10025,Tolentino Jacklyn,Account Rank and File,2024-07-16 to 2024-07-31,93.51666666666668,17.466666666666665,-2495.288,10,142.86,13359.791000000003,2098.2562500000004,1500,500,500,2500.0,17958.047250000003,0.0,0.0,0.0,0.0,0.0,17958.047250000003
10028,Villegas Lizeth,Account Rank and File,2024-07-16 to 2024-07-31,94.5,8.583333333333334,-1226.2150000000001,8,142.86,13500.27,2991.1312500000004,1500,500,500,2500.0,18991.401250000003,0.0,0.0,0.0,0.0,0.0,18991.401250000003
10034,Santos Beatriz,Customer Service and Relations,2024-07-16 to 2024-07-31,95.0,16.266666666666666,-5099.7626666666665,11,313.51,29783.45,5715.026041666666,1500,1000,1000,3500.0,38998.47604166667,0.0,0.0,0.0,3916.369010416667,3916.369010416667,35082.10703125
10031,Aguilar Delia,Account Rank and File,2024-07-16 to 2024-07-31,93.9,14.183333333333332,-1899.5738333333331,12,133.93,12576.027000000002,1436.957291666667,1500,500,500,2500.0,16512.984291666668,0.0,0.0,0.0,0.0,0.0,16512.984291666668
10031,Aguilar Delia,Account Rank and File,2024-07-16 to 2024-07-31,93.9,14.183333333333332,-1899.5738333333331,12,133.93,12576.027000000002,1436.957291666667,1500,500,500,2500.0,16512.984291666668,0.0,0.0,0.0,0.0,0.0,16512.984291666668
10019,Rosario Cydney,Account Rank and File,2024-07-01 to 2024-07-15,88.0,13.399999999999999,-1794.6619999999998,10,133.93,11785.84,2156.8310416666664,1500,500,500,2500.0,16442.67104166667,742.5,246.640065625,100.0,0.0,1089.140065625,15353.530976041668
10023,Santos Vella,Account Rank and File,2024-07-01 to 2024-07-15,85.93333333333332,18.350000000000005,-2457.615500000001,11,133.93,11509.051333333333,1180.258125,1500,500,500,2500.0,15189.309458333333,675.0,227.83964187499998,100.0,0.0,1002.839641875,14186.469816458333
10023,Santos Vella,Account Rank and File,2024-07-16 to 2024-07-31,95.46666666666667,9.716666666666667,-1301.3531666666668,10,133.93,12785.850666666667,2299.131666666666,1500,500,500,2500.0,17584.982333333333,0.0,0.0,0.0,0.0,0.0,17584.982333333333
10034,Santos Beatriz,Customer Service and Relations,2024-06-03 to 2024-06-15,77.71666666666667,14.850000000000001,-4655.623500000001,9,313.51,24364.952166666666,4284.636666666666,1500,1000,1000,3500.0,32149.58883333333,1125.0,482.24383249999994,100.0,1921.8690001666664,3629.1128326666662,28520.476000666666
10020,Bautista Mark,Account Rank and File,2024-10-01 to 2024-10-15,86.19999999999999,16.233333333333334,-2246.531,10,138.39,11929.217999999997,1432.9131249999998,1500,500,500,2500.0,15862.131124999996,720.0,237.93196687499994,100.0,0.0,1057.931966875,14804.199158124997
10004,Reyes Isabella,Chief Marketing Officer,2024-08-15 to 2024-08-30,93.8,17.98333333333333,-6422.567666666666,12,357.14,33499.731999999996,4322.882083333333,1500,2000,1000,4500.0,42322.61408333333,1125.0,634.8392112499998,100.0,4282.4437180208315,6142.282929270831,36180.33115406249
10015,Romualdez Fredrick,Account Manager,2024-12-01 to 2024-12-15,78.7,15.983333333333334,-5089.8925,10,318.45,25062.015,4504.7406249999985,1500,1000,1000,3500.0,33066.755625,1125.0,496.00133437499994,100.0,2102.5508581249996,3823.5521924999994,29243.2034325
10028,Villegas Lizeth,Account Rank and File,2024-07-01 to 2024-07-15,86.68333333333334,17.750000000000004,-2535.765000000001,11,142.86,12383.581000000002,1940.5150000000003,1500,500,500,2500.0,16824.096,765.0,252.36144000000002,100.0,0.0,1117.3614400000001,15706.73456
10013,Farala Martha,Payroll Rank and File,2024-06-03 to 2024-06-15,78.68333333333332,8.500000000000002,-1214.3100000000004,9,142.86,11240.701,1997.0637499999998,1500,500,500,2500.0,15737.764749999998,697.5,236.06647124999998,100.0,0.0,1033.56647125,14704.198278749998
10023,Santos Vella,Account Rank and File,2024-06-03 to 2024-06-15,78.41666666666666,19.516666666666666,-2613.867166666667,10,133.93,10502.344166666666,2391.208541666667,1500,500,500,2500.0,15393.552708333333,697.5,230.90329062499998,100.0,0.0,1028.403290625,14365.149417708333
10020,Bautista Mark,Account Rank and File,2024-09-01 to 2024-09-15,77.03333333333333,13.23333333333333,-1831.3609999999994,9,138.39,10660.642999999998,1784.6543749999998,1500,500,500,2500.0,14945.297374999998,675.0,224.17946062499996,100.0,0.0,999.1794606249999,13946.117914374998
10022,Delos Santos Kolby,Account Rank and File,2024-06-03 to 2024-06-15,78.25000000000001,18.81666666666667,-2688.149000000001,9,142.86,11178.795000000004,1750.0350000000003,1500,500,500,2500.0,15428.830000000004,697.5,231.43245000000005,100.0,0.0,1028.93245,14399.897550000003
10015,Romualdez Fredrick,Account Manager,2024-06-03 to 2024-06-15,79.96666666666667,10.316666666666666,-3285.3424999999997,9,318.45,25465.385,5413.65,1500,1000,1000,3500.0,34379.034999999996,1125.0,515.6855249999999,100.0,2361.069894999999,4101.7554199999995,30277.279579999995
10015,Romualdez Fredrick,Account Manager,2024-06-03 to 2024-06-15,79.96666666666667,10.316666666666666,-3285.3424999999997,9,318.45,25465.385,5413.65,1500,1000,1000,3500.0,34379.034999999996,1125.0,515.6855249999999,100.0,2361.069894999999,4101.7554199999995,30277.279579999995
10024,Del Rosario Tomas,Account Rank and File,2024-07-15 to 2024-07-30,95.69999999999999,17.2,-2303.596,12,133.93,12817.100999999999,2550.250416666667,1500,500,500,2500.0,17867.351416666665,810.0,268.01027124999996,100.0,0.0,1178.01027125,16689.341145416663
10034,Santos Beatriz,Customer Service and Relations,2024-08-01 to 2024-08-15,85.69999999999999,11.733333333333334,-3678.5173333333337,11,313.51,26867.806999999997,3886.217708333333,1500,1000,1000,3500.0,34254.02470833333,1125.0,513.8103706249999,100.0,2336.442867541666,4075.253238166666,30178.771470166663
10034,Santos Beatriz,Customer Service and Relations,2024-08-15 to 2024-08-31,92.3,18.85,-5909.663500000001,12,313.51,28936.972999999998,2788.9327083333324,1500,1000,1000,3500.0,35225.90570833333,1125.0,528.3885856249999,100.0,2534.8792806770834,4288.267866302083,30937.637842031247
10034,Santos Beatriz,Customer Service and Relations,2024-08-15 to 2024-08-31,92.3,18.85,-5909.663500000001,12,313.51,28936.972999999998,2788.9327083333324,1500,1000,1000,3500.0,35225.90570833333,1125.0,528.3885856249999,100.0,2534.8792806770834,4288.267866302083,30937.637842031247
10034,Santos Beatriz,Customer Service and Relations,2024-08-01 to 2024-08-15,85.69999999999999,11.733333333333334,-3678.5173333333337,11,313.51,26867.806999999997,3886.217708333333,1500,1000,1000,3500.0,34254.02470833333,1125.0,513.8103706249999,100.0,2336.442867541666,4075.253238166666,30178.771470166663
10002,Lim Antonio,Chief Operating Officer,2024-06-16 to 2024-06-30,78.73333333333333,12.65,-4517.821,10,357.14,28118.822666666667,6257.390416666665,1500,2000,1000,4500.0,38876.213083333336,0.0,0.0,0.0,3885.803270833334,3885.803270833334,34990.4098125
10001,Garcia Manuel III,Chief Executive Officer,2024-06-01 to 2024-06-15,80.0,13.5,-7232.085000000001,10,535.71,42856.8,12812.397500000003,1500,2000,1000,4500.0,60169.19750000001,1125.0,900.0,100.0,8677.799375000002,10802.799375000002,49366.39812500001
10001,Garcia Manuel III,Chief Executive Officer,2024-06-16 to 2024-06-28,77.80000000000001,9.066666666666666,-4857.104,10,535.71,41678.23800000001,9051.266875000001,1500,2000,1000,4500.0,55229.50487500001,0.0,0.0,0.0,7974.126218750003,7974.126218750003,47255.37865625001
10001,Garcia Manuel III,Chief Executive Officer,2024-06-03 to 2024-06-15,80.0,13.5,-7232.085000000001,10,535.71,42856.8,12812.397500000003,1500,2000,1000,4500.0,60169.19750000001,1125.0,900.0,100.0,8677.799375000002,10802.799375000002,49366.39812500001
10001,Garcia Manuel III,Chief Executive Officer,2024-06-03 to 2024-06-15,80.0,13.5,-7232.085000000001,10,535.71,42856.8,12812.397500000003,1500,2000,1000,4500.0,60169.19750000001,1125.0,900.0,100.0,8677.799375000002,10802.799375000002,49366.39812500001
